"housing","loan","total_customers","avg_balance","success_rate"
"no","no","5256","1867.3133561643835616","59.65"
"yes","no","4446","1358.9925775978407557","37.56"
"no","yes","625","896.6464000000000000","35.04"
"yes","yes","835","771.8119760479041916","31.74"
